V10 pages;V8 pages;Group
isc2.org/about/governance;www.isc2.org/About/Governance;Group 1
isc2.org/about/governance/audit-committee;www.isc2.org/About/Governance/Audit-Committee;Group 1
isc2.org/about/governance/business-practice-committee;www.isc2.org/About/Governance/Business-Practice-Committee;Group 1
isc2.org/about/governance/bylaws-committee;www.isc2.org/About/Governance/Bylaws-Committee;Group 1
isc2.org/about/governance/center-trustees-committee;www.isc2.org/About/Governance/Center-Trustees-Committee;Group 1
isc2.org/about/governance/compensation-succession;www.isc2.org/About/Governance/Compensation-Succession;Group 1
isc2.org/about/governance/nomination-committee;www.isc2.org/About/Governance/Nomination-Committee;Group 1
isc2.org/about/governance/professional-conduct-committee;www.isc2.org/About/Governance/Professional-Conduct-Committee;Group 1
isc2.org/about/governance/risk-committee;www.isc2.org/About/Governance/Risk-Committee;Group 1
isc2.org/exams/after-your-exam;www.isc2.org/Exams/After-Your-Exam;Group 1
isc2.org/exams/before-your-exam;www.isc2.org/Exams/Before-Your-Exam;Group 1
isc2.org/exams/exam-agreement;www.isc2.org/Exams/Exam-Agreement;Group 1
isc2.org/exams/exam-day;www.isc2.org/Exams/Exam-Day;Group 1
isc2.org/exams/exam-language-availability;www.isc2.org/Exams/Exam-Language-Availability;Group 1
isc2.org/exams/non-disclosure-agreement;www.isc2.org/Exams/Non-Disclosure-Agreement;Group 1
isc2.org/exams/online-proctor-pilot-test-faq;www.isc2.org/Exams/Online-Proctor-Pilot-Test-FAQ;Group 1
isc2.org/policies-procedures;www.isc2.org/Policies-Procedures;Group 1
isc2.org/policies-procedures/amfs-overview;www.isc2.org/Policies-Procedures/AMFs-Overview;Group 1
isc2.org/policies-procedures/amfs-overview/amf-changes;www.isc2.org/Policies-Procedures/AMFs-Overview/AMF-Changes;Group 1
isc2.org/policies-procedures/board-communications-policy;www.isc2.org/Policies-Procedures/Board-Communications-Policy;Group 1
isc2.org/policies-procedures/candidate-policies;www.isc2.org/Policies-Procedures/Candidate-Policies;Group 1
isc2.org/policies-procedures/cookies-policy;www.isc2.org/Policies-Procedures/Cookies-Policy;Group 1
isc2.org/policies-procedures/copyright-information;www.isc2.org/Policies-Procedures/Copyright-Information;Group 1
isc2.org/policies-procedures/credit-card-policy;www.isc2.org/Policies-Procedures/Credit-Card-Policy;Group 1
isc2.org/policies-procedures/events-code-of-conduct;www.isc2.org/Policies-Procedures/Events-Code-of-Conduct;Group 1
isc2.org/policies-procedures/member-communications-policy;www.isc2.org/Policies-Procedures/Member-Communications-Policy;Group 1
isc2.org/policies-procedures/member-policies;www.isc2.org/Policies-Procedures/Member-Policies;Group 1
isc2.org/policies-procedures/non-discrimination-policy;www.isc2.org/Policies-Procedures/Non-Discrimination-Policy;Group 1
isc2.org/policies-procedures/privacy-center;www.isc2.org/Policies-Procedures/Privacy-Center;Group 1
isc2.org/policies-procedures/privacy-policy;www.isc2.org/Policies-Procedures/Privacy-Policy;Group 1
isc2.org/policies-procedures/sponsorship-letter-terms-conditions;www.isc2.org/Policies-Procedures/Sponsorship-Letter-Terms-Conditions;Group 1
isc2.org/policies-procedures/terms;www.isc2.org/Policies-Procedures/Terms;Group 1
isc2.org/policies-procedures/website-access-policy;www.isc2.org/Policies-Procedures/Website-Access-Policy;Group 1
;;
isc2.org/cyber/certifications/cbk;www.isc2.org/Certifications/CBK;Group 2
isc2.org/cyber/certifications/digital-badges;www.isc2.org/Certifications/Digital-Badges;Group 2
isc2.org/cyber/certifications/references;www.isc2.org/Certifications/References;Group 2
isc2.org/cyber/certifications/cc;www.isc2.org/Certifications/CC;Group 2
isc2.org/cyber/certifications/cc/cc-certification-exam-outline-summary;www.isc2.org/Certifications/CC/Certification-Exam-Outline;Group 2
isc2.org/cyber/certifications/cc/cc-self-study-resources;www.isc2.org/Training/Self-Study-Resources/CC;Group 2
isc2.org/cyber/certifications/cc/cc-training-course;www.isc2.org/Training/Courses/Entry-Level-Training-Course;Group 2
isc2.org/cyber/certifications/ccsp;www.isc2.org/Certifications/CCSP;Group 2
isc2.org/cyber/certifications/ccsp/ccsp-certification-exam-outline-summary;www.isc2.org/Certifications/CCSP/Certification-Exam-Outline;Group 2
isc2.org/cyber/certifications/ccsp/ccsp-domain-refresh-faq;www.isc2.org/Certifications/CCSP/Domain-Refresh-FAQ;Group 2
isc2.org/cyber/certifications/ccsp/ccsp-experience-requirements;www.isc2.org/Certifications/CCSP/Experience-Requirements;Group 2
isc2.org/cyber/certifications/ccsp/ccsp-self-study-resources;www.isc2.org/Training/Self-Study-Resources/CCSP;Group 2
isc2.org/cyber/certifications/ccsp/ccsp-training;www.isc2.org/Training/CCSP-Training;Group 2
isc2.org/cyber/certifications/cgrc;www.isc2.org/Certifications/CGRC;Group 2
isc2.org/cyber/certifications/cgrc/cgrc-certification-exam-outline-summary;www.isc2.org/Certifications/CGRC/Certification-Exam-Outline;Group 2
isc2.org/cyber/certifications/cgrc/cgrc-experience-requirements;www.isc2.org/Certifications/CGRC/Experience-Requirements;Group 2
isc2.org/cyber/certifications/cgrc/cgrc-self-study-resources;www.isc2.org/Training/Self-Study-Resources/CGRC;Group 2
isc2.org/cyber/certifications/cissp-issap/cissp-issap-self-study-resources;www.isc2.org/Training/Self-Study-Resources/CISSP-ISSAP;Group 2
isc2.org/cyber/certifications/cissp-issap/issap-domain-change-faqs;www.isc2.org/Certifications/CISSP-Concentrations/ISSAP-Domain-Change-FAQs;Group 2
isc2.org/cyber/certifications/cissp-issap/issap-domain-refresh-faq;www.isc2.org/Certifications/CISSP-ISSAP/Domain-Refresh-FAQ;Group 2
isc2.org/cyber/certifications/cissp-issep;new -;Group 2
isc2.org/cyber/certifications/cissp-issep/cissp-issep-self-study-resources;www.isc2.org/Training/Self-Study-Resources/CISSP-ISSEP;Group 2
isc2.org/cyber/certifications/cissp-issep/issep-domain-change-faqs;www.isc2.org/Certifications/CISSP-Concentrations/ISSEP-Domain-Change-FAQs;Group 2
isc2.org/cyber/certifications/cissp-issep/issep-domain-refresh-faq;www.isc2.org/Certifications/CISSP-ISSEP/Domain-Refresh-FAQ;Group 2
isc2.org/cyber/certifications/cissp-issmp;new -;Group 2
isc2.org/cyber/certifications/cissp-issmp/cissp-issmp-self-study-resources;www.isc2.org/Training/Self-Study-Resources/CISSP-ISSMP;Group 2
isc2.org/cyber/certifications/cissp-issmp/issmp-domain-change-faqs;www.isc2.org/Certifications/CISSP-Concentrations/ISSMP-Domain-Change-FAQs;Group 2
isc2.org/cyber/certifications/csslp;www.isc2.org/Certifications/CSSLP;Group 2
isc2.org/cyber/certifications/csslp-salary;www.isc2.org/Certifications/CSSLP-Salary;Group 2
isc2.org/cyber/certifications/csslp/certification-exam-outline-summary;www.isc2.org/Certifications/CSSLP/Certification-Exam-Outline;Group 2
isc2.org/cyber/certifications/csslp/csslp-domain-refresh-faq;www.isc2.org/Certifications/CSSLP/Domain-Refresh-FAQ;Group 2
isc2.org/cyber/certifications/csslp/csslp-experience-requirements;www.isc2.org/Certifications/CSSLP/Experience-Requirements;Group 2
isc2.org/cyber/certifications/csslp/csslp-self-study-resources;www.isc2.org/Training/Self-Study-Resources/CSSLP;Group 2
isc2.org/cyber/certifications/sscp;www.isc2.org/Certifications/SSCP;Group 2
isc2.org/cyber/certifications/sscp/sccp-certification-exam-outline-summary;www.isc2.org/Certifications/SSCP/Certification-Exam-Outline;Group 2
isc2.org/cyber/certifications/sscp/sccp-domain-change-faq;www.isc2.org/Certifications/SSCP/Domain-Change-FAQ;Group 2
isc2.org/cyber/certifications/sscp/sccp-experience-requirements;www.isc2.org/Certifications/SSCP/Experience-Requirements;Group 2
isc2.org/cyber/certifications/sscp/sccp-prerequisite-pathway;www.isc2.org/Certifications/SSCP/Prerequisite-Pathway;Group 2
isc2.org/cyber/certifications/sscp/sccp-self-study-resources;www.isc2.org/Training/Self-Study-Resources/SSCP;Group 2
isc2.org/cyber/certifications/hcispp;www.isc2.org/Certifications/HCISPP;Group 2
isc2.org/cyber/certifications/hcispp/hcispp-self-study-resources;www.isc2.org/Training/Self-Study-Resources/HCISPP;Group 2
;;
isc2.org/thank-you/10-reasons-why-cloud-security-ebook;www.isc2.org/thank-you/10-reasons-why-cloud-security-ebook;Group 3
isc2.org/thank-you/career-pursuers-report ;www.isc2.org/thank-you/career-pursuers-report ;Group 3
isc2.org/thank-you/career-pursuers-webinar;www.isc2.org/thank-you/career-pursuers-webinar;Group 3
isc2.org/thank-you/ccsp-flashcards;www.isc2.org/thank-you/ccsp-flashcards;Group 3
isc2.org/thank-you/CCSP-Inside-Look;www.isc2.org/thank-you/CCSP-Inside-Look;Group 3
isc2.org/thank-you/ccsp-ultimate-guide ;www.isc2.org/thank-you/ccsp-ultimate-guide ;Group 3
isc2.org/thank-you/ccsp-ultimate-guide-jp;www.isc2.org/thank-you/ccsp-ultimate-guide-jp;Group 3
isc2.org/thank-you/ccsp-webcast-series;www.isc2.org/thank-you/ccsp-webcast-series;Group 3
isc2.org/thank-you/cert-prep-kit;www.isc2.org/thank-you/cert-prep-kit;Group 3
isc2.org/thank-you/cgrc-advance-career-strategy;www.isc2.org/thank-you/cgrc-advance-career-strategy;Group 3
isc2.org/thank-you/cgrc-flashcards;www.isc2.org/thank-you/cgrc-flashcards;Group 3
isc2.org/thank-you/cgrc-mitigating-risk-security-framework;www.isc2.org/thank-you/cgrc-mitigating-risk-security-framework;Group 3
isc2.org/thank-you/cgrc-ultimate-guide;www.isc2.org/thank-you/cgrc-ultimate-guide;Group 3
isc2.org/thank-you/cgrc-webcast-series;www.isc2.org/thank-you/cgrc-webcast-series;Group 3
isc2.org/thank-you/cissp-flashcards;www.isc2.org/thank-you/cissp-flashcards;Group 3
isc2.org/thank-you/cissp-ultimate-guide;www.isc2.org/thank-you/cissp-ultimate-guide;Group 3
isc2.org/thank-you/cissp-ultimate-guide-jp;www.isc2.org/thank-you/cissp-ultimate-guide-jp;Group 3
isc2.org/thank-you/cissp-ultimate-guide-kr;www.isc2.org/thank-you/cissp-ultimate-guide-kr;Group 3
isc2.org/thank-you/cissp-webcast-series;www.isc2.org/thank-you/cissp-webcast-series;Group 3
isc2.org/thank-you/cloud-adoption-and-the-skills-shortage;www.isc2.org/thank-you/cloud-adoption-and-the-skills-shortage;Group 3
isc2.org/thank-you/cloud-migration-tips;www.isc2.org/thank-you/cloud-migration-tips;Group 3
isc2.org/thank-you/cloud-security-report ;www.isc2.org/thank-you/cloud-security-report ;Group 3
isc2.org/thank-you/cloud-security-skills-for-professionals;www.isc2.org/thank-you/cloud-security-skills-for-professionals;Group 3
isc2.org/thank-you/cloud-security-skills-for-professionals-jp;www.isc2.org/thank-you/cloud-security-skills-for-professionals-jp;Group 3
isc2.org/thank-you/cloud-security-skills-to-rise-to-the-top;www.isc2.org/thank-you/cloud-security-skills-to-rise-to-the-top;Group 3
isc2.org/thank-you/commit;www.isc2.org/thank-you/commit;Group 3
isc2.org/thank-you/commit-jp;www.isc2.org/thank-you/commit-jp;Group 3
isc2.org/thank-you/commit-kr;www.isc2.org/thank-you/commit-kr;Group 3
isc2.org/thank-you/consult;www.isc2.org/thank-you/consult;Group 3
isc2.org/thank-you/cpe-guide;www.isc2.org/thank-you/cpe-guide;Group 3
isc2.org/thank-you/csslp-devsecops;www.isc2.org/thank-you/csslp-devsecops;Group 3
isc2.org/thank-you/csslp-flashcards;www.isc2.org/thank-you/csslp-flashcards;Group 3
isc2.org/thank-you/csslp-secure-software-development;www.isc2.org/thank-you/csslp-secure-software-development;Group 3
isc2.org/thank-you/csslp-software-developer-confessions;www.isc2.org/thank-you/csslp-software-developer-confessions;Group 3
isc2.org/thank-you/csslp-ultimate-guide;www.isc2.org/thank-you/csslp-ultimate-guide;Group 3
isc2.org/thank-you/csslp-webcast-series;www.isc2.org/thank-you/csslp-webcast-series;Group 3
isc2.org/thank-you/cyber-career-starter;www.isc2.org/thank-you/cyber-career-starter;Group 3
isc2.org/thank-you/cybersecurity-career-blueprint;www.isc2.org/thank-you/cybersecurity-career-blueprint;Group 3
isc2.org/thank-you/cyberthreat-defense-report ;www.isc2.org/thank-you/cyberthreat-defense-report ;Group 3
isc2.org/thank-you/enterprise-ebook;www.isc2.org/thank-you/enterprise-ebook;Group 3
isc2.org/thank-you/enterprise-solutions;www.isc2.org/thank-you/enterprise-solutions;Group 3
isc2.org/thank-you/enterprise-training-webinar;www.isc2.org/thank-you/enterprise-training-webinar;Group 3
isc2.org/thank-you/entry-level-ultimate-guide;www.isc2.org/thank-you/entry-level-ultimate-guide;Group 3
isc2.org/thank-you/hcispp-flashcards;www.isc2.org/thank-you/hcispp-flashcards;Group 3
isc2.org/thank-you/how-to-break-into-cybersecurity-ebook;www.isc2.org/thank-you/how-to-break-into-cybersecurity-ebook;Group 3
isc2.org/thank-you/invest-cloud-security-team-training;www.isc2.org/thank-you/invest-cloud-security-team-training;Group 3
isc2.org/thank-you/issap-flashcards;www.isc2.org/thank-you/issap-flashcards;Group 3
isc2.org/thank-you/issap-ultimate-guide;www.isc2.org/thank-you/issap-ultimate-guide;Group 3
isc2.org/thank-you/issep-flashcards;www.isc2.org/thank-you/issep-flashcards;Group 3
isc2.org/thank-you/issep-ultimate-guide;www.isc2.org/thank-you/issep-ultimate-guide;Group 3
isc2.org/thank-you/issmp-flashcards;www.isc2.org/thank-you/issmp-flashcards;Group 3
isc2.org/thank-you/issmp-ultimate-guide;www.isc2.org/thank-you/issmp-ultimate-guide;Group 3
isc2.org/thank-you/qualified-cybersecurity-professional;www.isc2.org/thank-you/qualified-cybersecurity-professional;Group 3
isc2.org/thank-you/qualified-cybersecurity-professional-kr;www.isc2.org/thank-you/qualified-cybersecurity-professional-kr;Group 3
isc2.org/thank-you/qualified-cybersecurity-team;www.isc2.org/thank-you/qualified-cybersecurity-team;Group 3
isc2.org/thank-you/qualified-cybersecurity-team-jp;www.isc2.org/thank-you/qualified-cybersecurity-team-jp;Group 3
isc2.org/thank-you/sscp-7-benefits;www.isc2.org/thank-you/sscp-7-benefits;Group 3
isc2.org/thank-you/sscp-cyber-hero;www.isc2.org/thank-you/sscp-cyber-hero;Group 3
isc2.org/thank-you/sscp-flashcards;www.isc2.org/thank-you/sscp-flashcards;Group 3
isc2.org/thank-you/sscp-hr-managers;www.isc2.org/thank-you/sscp-hr-managers;Group 3
isc2.org/thank-you/sscp-ultimate-guide;www.isc2.org/thank-you/sscp-ultimate-guide;Group 3
isc2.org/thank-you/sscp-ultimate-guide-jp;www.isc2.org/thank-you/sscp-ultimate-guide-jp;Group 3
isc2.org/thank-you/sscp-webcast-series;www.isc2.org/thank-you/sscp-webcast-series;Group 3
isc2.org/thank-you/us-government ;www.isc2.org/thank-you/us-government ;Group 3
isc2.org/thank-you/why-should-aws-certified-experts-earn-ccsp;www.isc2.org/thank-you/why-should-aws-certified-experts-earn-ccsp;Group 3
